{
    "Main": {
  
      "Info": {
        "-------------------------- Color Code --------------------------": "",
        "Color Opacity (Hex)": "",
        "00 = 0%": "",
        "0C = 5%": "",
        "19 = 10%": "",
        "33 = 20%": "",
        "3F = 25%": "",
        "4C = 30%": "",
        "59 = 35%": "",
        "66 = 40%": "",
        "72 = 45%": "",
        "7F = 50%": "",
        "8C = 55%": "",
        "99 = 60%": "",
        "A5 = 65%": "",
        "B2 = 70%": "",
        "BF = 75%": "",
        "CC = 80%": "",
        "D8 = 85%": "",
        "E5 = 90%": "",
        "F2 = 95%": "",
        "FF = 100%": "",
        "Example 'FF000000', '000000' is the color code and 'FF' is Color Opacity": ""
      },
  
      
      "MainBody": {
        "Background": "#11003B",
        "Image": "https://media.discordapp.net/attachments/887794785576943626/896002405341212672/daniel-olondriz-rosique-pool2.gif",
        "Accent Color":"Dark",
        "NOTE0":" Only Use Dark/Light"
      },
  
  
      "Topbar":{
        "Opacity":"1",
        "Background":"#20000000",
        "Logo":"https://fontmeme.com/permalink/211008/9de94b5ceeb08c5689b27d4649b20e22.png",
        "Buttons":{
          "Opacity":"1",  
          "Background":"#ffffff"
        }
      },
  
  
      "Footer":{
        "Background":"#20000000",
        "Status Foreground":"#ffffff"
      },
  
  
      "Sidebar":{
        "Background":"#20000000",
        "Buttons":{
          "DefaultColor":"#edccff",
          "SelectedColor":"#a552ff",
          "HoverColor":"#d278ff"
        } 
      },
  
  
      "ComboBox":{
        "Background":"#20000000",
        "Foreground":"#ffffff",
        "DropDownBackground":"#9cc0f7",
        "HoverColor":"#20000000"
      },
  
  
      "ExecutionTab":{
        "Background":"#20000000",
        "Background2":"#20000000",
        "Buttons":{
          "Background":"#20000000",
          "Foreground":"#ffffff",
          "IconColors":{
            "Execute":"#9cc0f7",
            "Clear":"#9cc0f7",
            "OpenFile":"#9cc0f7",
            "SaveFile":"#9cc0f7",
            "KillRoblox":"#9cc0f7",
            "Attach":"#9cc0f7"
          }
        },
  
        "Tab": {
          "Foreground": "#ffffff",
          "HoverForeground": "#f7f7f7",
          "SelectedForeground": "#ffffff",
          "ItemHover": "#9cc0f7",
          "ItemSelected": "#9cc0f7",
          "CloseForeground": "#edccff",
          "CloseHoverColor": "#0f6780",
          "AddTabForeground": "#9cc0f7",
          "AddTabHover": "#9cc0f7"
        },
  
        "ScriptList":{
          "Foreground":"#ffffff",
          "IconColors":{
           "Folder":"#9cc0f7",
           "Lua":"#9cc0f7",
           "TxT":"#9cc0f7" 
          }
        },
  
        "ScriptListContextMenu":{
          "Background":"#AF7613ab",
          "Foreground":"#ffffff",
          "ButtonColor":"#695ff5",
          "IconColors":{
            "Execute":"#f069ff",
            "LoadScript":"#f069ff",
            "DeleteScript":"#f069ff",
            "RefreshList":"#f069ff"
          }
        }
      },
  
  
      "ScriptHub": {
        "Topbar": {
          "Foreground":"#ffffff",
          "Background":"#9cc0f7"
        },
  
        "GlobalScripts": {
          "Background": "#9cc0f7",
          "Background2": "#695ff5",
          "TitleColor": "#edccff",
          "DateColor": "#edccff",
          "ButtonColor": "#695ff5",
          "IconColors": {
            "OpenLink": "#f48cff",
            "LoadScript": "#f48cff",
            "ExecuteScript": "#f48cff"
          }
        },
  
        "FeaturesScripts": {
          "Background": "#695ff5",
          "Background2": "#BF7613ab",
          "TitleColor": "#edccff",
          "ButtonColor": "#AF7613ab",
          "IconColors": {
            "CopyScript": "#f48cff",
            "LoadScript": "#f48cff",
            "ExecuteScript": "#f48cff"
          }
        }
      },
  
  
      "KeyPage":{
        "Background":"#1Ff0f0f0",
        "Foreground":"#ffffff",
        "CardBackground":"#9cc0f7",
        "Discordwidget":"dark",
        "Buttons":{
          "Foreground":"#ffffff",
          "Background":"#5f690096"
        },
        "Status":{
          "Working":"#f48cff",
          "PATCHED":"#ff00a2",
          "Not Whitelisted":"#b03800",
          "Invalid Key":"#b00041",
          "Whitelisted":"#f48cff"
        }
      },
      
  
      "Language":{
        "Background":"#20000000",
        "Foreground":"#ffffff",
        "ButtonBackground":"#9cc0f7"
      },
      
      "Sidebar":{
        "Background":"#20000000",
        "Buttons":{
          "DefaultColor":"#ffffff",
          "SelectedColor":"#9cc0f7",
          "HoverColor":"#9cc0f7"
        } 
      },
  
      "Settings":{
        "Background":"#20000000",
        "Foreground":"#ffffff",
        "inActiveForeground":"#ffffff",
        "HoverBackground":"#20000000",
        "CardBackground":"#20000000",
        "ToggleBackground":"#9cc0f7",
        "CustomTheme":{
          "Background":"#9cc0f7",
          "Foreground":"#ffffff"
        }
      }
  
    },
  
  
    "CustomScriptSyntax":{
      "Notex":"Check CustomScriptSyntax.xshd to understand this shit xD",
      "Foreground":"#e7b0ff",
      "LineNumbersForeground":"#e7b0ff",
      "Digits":"#e7ff85",
      "LineComment":"#1d7d3d",
      "Char":"#de1d67",
      "BlockComment":"#d4a75b",
      "String":"#d4b700",
      "MultiLineString":"#9c8400",
      "Punctuation":"#ff54c0",
      "firstbracket":"#614f00",
      "Boolean":"#e294ff",
      "CurrentKeywords":"#ff3b8c",
      "Tables":"#1bcc14"
    }
  }