{
    "Main": {
  
      "Info": {
        "-------------------------- Color Code --------------------------": "",
        "Color Opacity (Hex)": "",
        "00 = 0%": "",
        "0C = 5%": "",
        "19 = 10%": "",
        "33 = 20%": "",
        "3F = 25%": "",
        "4C = 30%": "",
        "59 = 35%": "",
        "66 = 40%": "",
        "72 = 45%": "",
        "7F = 50%": "",
        "8C = 55%": "",
        "99 = 60%": "",
        "A5 = 65%": "",
        "B2 = 70%": "",
        "BF = 75%": "",
        "CC = 80%": "",
        "D8 = 85%": "",
        "E5 = 90%": "",
        "F2 = 95%": "",
        "FF = 100%": "",
        "Example 'FF000000', '000000' is the color code and 'FF' is Color Opacity": ""
      },
  
      
      "MainBody": {
        "Background": "#700000",
        "Image": "https://c4.wallpaperflare.com/wallpaper/708/846/337/anime-demon-slayer-kimetsu-no-yaiba-tanjirou-kamado-hd-wallpaper-preview.jpg",
        "Accent Color":"Dark",
        "NOTE0":" Only Use Dark/Light"
      },
  
  
      "Topbar":{
        "Opacity":"1",
        "Background":"#20000000",
        "Logo":"http://assets.stickpng.com/images/5ede4a3fb760540004f2c5e9.png",
        "Buttons":{
          "Opacity":"0.6",  
          "Background":"#ffffff"
        }
      },
  
  
      "Footer":{
        "Background":"#20000000",
        "Status Foreground":"#ffffff"
      },
  
  
      "Sidebar":{
        "Background":"#20000000",
        "Buttons":{
          "DefaultColor":"#828282",
          "SelectedColor":"#030303",
          "HoverColor":"#383838"
        } 
      },
  
  
      "ComboBox":{
        "Background":"#20000000",
        "Foreground":"#ffffff",
        "DropDownBackground":"#d41121",
        "HoverColor":"#20000000"
      },
  
  
      "ExecutionTab":{
        "Background":"#20000000",
        "Background2":"#20000000",
        "Buttons":{
          "Background":"#20000000",
          "Foreground":"#ffffff",
          "IconColors":{
            "Execute":"#030303",
            "Clear":"#030303",
            "OpenFile":"#030303",
            "SaveFile":"#030303",
            "KillRoblox":"#030303",
            "Attach":"#030303"
          }
        },
  
        "Tab": {
          "Foreground": "#ffffff",
          "HoverForeground": "#f7f7f7",
          "SelectedForeground": "#ffffff",
          "ItemHover": "#20000000",
          "ItemSelected": "#5c0910",
          "CloseForeground": "#5c0910",
          "CloseHoverColor": "#0f6780",
          "AddTabForeground": "#5c0910",
          "AddTabHover": "#20000000"
        },
  
        "ScriptList":{
          "Foreground":"#ffffff",
          "IconColors":{
           "Folder":"#030303",
           "Lua":"#030303",
           "TxT":"#030303" 
          }
        },
  
        "ScriptListContextMenu":{
          "Background":"#20000000",
          "Foreground":"#ffffff",
          "ButtonColor":"#20000000",
          "IconColors":{
            "Execute":"#030303",
            "LoadScript":"#030303",
            "DeleteScript":"#030303",
            "RefreshList":"#030303"
          }
        }
      },
  
  
      "ScriptHub": {
        "Topbar": {
          "Foreground":"#ffffff",
          "Background":"#20000000"
        },
  
        "GlobalScripts": {
          "Background": "#20000000",
          "Background2": "#20000000",
          "TitleColor": "#ffffff",
          "DateColor": "#ffffff",
          "ButtonColor": "#20000000",
          "IconColors": {
            "OpenLink": "#5c0910",
            "LoadScript": "#5c0910",
            "ExecuteScript": "#5c0910"
          }
        },
  
        "FeaturesScripts": {
          "Background": "#695ff5",
          "Background2": "#BF7613ab",
          "TitleColor": "#edccff",
          "ButtonColor": "#AF7613ab",
          "IconColors": {
            "CopyScript": "#f48cff",
            "LoadScript": "#f48cff",
            "ExecuteScript": "#f48cff"
          }
        }
      },
  
  
      "KeyPage":{
        "Background":"#1Ff0f0f0",
        "Foreground":"#ffffff",
        "CardBackground":"#5c0910",
        "Discordwidget":"dark",
        "Buttons":{
          "Foreground":"#ffffff",
          "Background":"#5f690096"
        },
        "Status":{
          "Working":"#f48cff",
          "PATCHED":"#ff00a2",
          "Not Whitelisted":"#b03800",
          "Invalid Key":"#b00041",
          "Whitelisted":"#f48cff"
        }
      },
      
  
      "Language":{
        "Background":"#20000000",
        "Foreground":"#ffffff",
        "ButtonBackground":"#5c0910"
      },
      
      "Sidebar":{
        "Background":"#20000000",
        "Buttons":{
          "DefaultColor":"#ffffff",
          "SelectedColor":"#5c0910",
          "HoverColor":"#5c0910"
        } 
      },
  
      "Settings":{
        "Background":"#20000000",
        "Foreground":"#ffffff",
        "inActiveForeground":"#ffffff",
        "HoverBackground":"#20000000",
        "CardBackground":"#20000000",
        "ToggleBackground":"#5c0910",
        "CustomTheme":{
          "Background":"#5c0910",
          "Foreground":"#ffffff"
        }
      }
  
    },
  
  
    "CustomScriptSyntax":{
      "Notex":"Check CustomScriptSyntax.xshd to understand this shit xD",
      "Foreground":"#e7b0ff",
      "LineNumbersForeground":"#e7b0ff",
      "Digits":"#e7ff85",
      "LineComment":"#1d7d3d",
      "Char":"#de1d67",
      "BlockComment":"#d4a75b",
      "String":"#d4b700",
      "MultiLineString":"#9c8400",
      "Punctuation":"#ff54c0",
      "firstbracket":"#614f00",
      "Boolean":"#e294ff",
      "CurrentKeywords":"#ff3b8c",
      "Tables":"#1bcc14"
    }
  }