{
  "Main": {

    "Info": {
      "-------------------------- Color Code --------------------------": "",
      "Color Opacity (Hex)": "",
      "00 = 0%": "",
      "0C = 5%": "",
      "19 = 10%": "",
      "33 = 20%": "",
      "3F = 25%": "",
      "4C = 30%": "",
      "59 = 35%": "",
      "66 = 40%": "",
      "72 = 45%": "",
      "7F = 50%": "",
      "8C = 55%": "",
      "99 = 60%": "",
      "A5 = 65%": "",
      "B2 = 70%": "",
      "BF = 75%": "",
      "CC = 80%": "",
      "D8 = 85%": "",
      "E5 = 90%": "",
      "F2 = 95%": "",
      "FF = 100%": "",
      "Example 'FF000000', '000000' is the color code and 'FF' is Color Opacity": ""
    },

    
    "MainBody": {
      "Background": "#FFf0f0f0",
      "Image": "https://cdn.discordapp.com/attachments/887794785576943626/893664761877766214/fc167f9eaed48aea4929f5a768d0fcc3.gif",
      "Accent Color":"Light",
      "NOTE0":" Only Use Dark/Light"
    },


    "Topbar":{
      "Opacity":"1",
      "Background":"#CC000000",
      "Logo":"https://static.wikia.nocookie.net/gravityfalls/images/c/c2/Gravity_Falls_logo.png/revision/latest?cb=20140109190719&path-prefix=pt",
      "Buttons":{
        "Opacity":"0.5",
        "Background":"#ffffff"
      }
    },


    "Footer":{
      "Background":"#CC000000",
      "Status Foreground":"#ffffff"
    },


    "Sidebar":{
      "Background":"#000000",
      "Buttons":{
        "DefaultColor":"#7a7a7a",
        "SelectedColor":"#ffffff",
        "HoverColor":"#D5CDCC"
      } 
    },


    "ComboBox":{
      "Background":"#99000000",
      "Foreground":"#ffffff",
      "DropDownBackground":"#99000000",
      "HoverColor":"#b1b2b6"
    },


    "ExecutionTab":{
      "Background":"#00ffffff",
      "Background2":"#CC000000",
      "Buttons":{
        "Background":"#99000000",
        "Foreground":"#ffffff",
        "IconColors":{
          "Execute":"#ffffff",
          "Clear":"#ffffff",
          "OpenFile":"#ffffff",
          "SaveFile":"#ffffff",
          "KillRoblox":"#ffffff",
          "Attach":"#ffffff"
        }
      },

      "Tab": {
        "Foreground": "#ffffff",
        "HoverForeground": "#99ffffff",
        "SelectedForeground": "#000000",
        "ItemHover": "#919191",
        "ItemSelected": "#99ffffff",
        "CloseForeground": "#ffffff",
        "CloseHoverColor": "#000000",
        "AddTabForeground": "#ffffff",
        "AddTabHover": "#99ffffff"
      },

      "ScriptList":{
        "Foreground":"#ffffff",
        "IconColors":{
         "Folder":"#ffffff",
         "Lua":"#ffffff",
         "TxT":"#A9A9A9" 
        }
      },

      "ScriptListContextMenu":{
        "Background":"#000000",
        "Foreground":"#000000",
        "ButtonColor":"#99ffffff",
        "IconColors":{
          "Execute":"#000000",
          "LoadScript":"#000000",
          "DeleteScript":"#000000",
          "RefreshList":"#000000"
        }
      }
    },


    "ScriptHub": {
      "Topbar": {
        "Foreground":"#ffffff",
        "Background":"#000000"
      },

      "GlobalScripts": {
        "Background": "#000000",
        "Background2": "#000000",
        "TitleColor": "#ffffff",
        "DateColor": "#ffffff",
        "ButtonColor": "#99ffffff",
        "IconColors": {
          "OpenLink": "#000000",
          "LoadScript": "#000000",
          "ExecuteScript": "#000000"
        }
      },

      "FeaturesScripts": {
        "Background": "#000000",
        "Background2": "#000000",
        "TitleColor": "#ffffff",
        "ButtonColor": "#99ffffff",
        "IconColors": {
          "CopyScript": "#000000",
          "LoadScript": "#000000",
          "ExecuteScript": "#000000"
        }
      }
    },


    "KeyPage":{
      "Background":"#00ffffff",
      "Foreground":"#000000",
      "CardBackground":"#A9A9A9",
      "Discordwidget":"light",
      "Buttons":{
        "Foreground":"#000000",
        "Background":"#99ffffff"
      },
      "Status":{
        "Working":"#000000",
        "PATCHED":"#000000",
        "Not Whitelisted":"#000000",
        "Invalid Key":"#000000",
        "Whitelisted":"#000000"
      }
    },
    

    "Language":{
      "Background":"#19A9A9A9",
      "Foreground":"#000000",
      "ButtonBackground":"#99ffffff"
    },
    

    "Settings":{
      "Background":"#00ffffff",
      "Foreground":"#ffffff",
      "inActiveForeground":"#ffffff",
      "HoverBackground":"#CCffffff",
      "CardBackground":"#000000",
      "ToggleBackground":"#A9A9A9",
      "CustomTheme":{
        "Background":"#000000",
        "Foreground":"#ffffff"
      }
    }

  },


  "CustomScriptSyntax":{
    "Notex":"Check CustomScriptSyntax.xshd to understand this shit xD",
    "Foreground":"#242424",
    "LineNumbersForeground":"#242424",
    "Digits":"#0090a6",
    "LineComment":"#00ff0c",
    "Char":"#de1d67",
    "BlockComment":"#d4a75b",
    "String":"#d4b700",
    "MultiLineString":"#9c8400",
    "Punctuation":"#0073b5",
    "firstbracket":"#614f00",
    "Boolean":"#ff0000",
    "CurrentKeywords":"#7d002a",
    "Tables":"#1bcc14"
  }
}