{
  "Main": {

    "Info": {
      "-------------------------- Color Code --------------------------": "",
      "Color Opacity (Hex)": "",
      "00 = 0%": "",
      "0C = 5%": "",
      "19 = 10%": "",
      "33 = 20%": "",
      "3F = 25%": "",
      "4C = 30%": "",
      "59 = 35%": "",
      "66 = 40%": "",
      "72 = 45%": "",
      "7F = 50%": "",
      "8C = 55%": "",
      "99 = 60%": "",
      "A5 = 65%": "",
      "B2 = 70%": "",
      "BF = 75%": "",
      "CC = 80%": "",
      "D8 = 85%": "",
      "E5 = 90%": "",
      "F2 = 95%": "",
      "FF = 100%": "",
      "Example 'FF000000', '000000' is the color code and 'FF' is Color Opacity": ""
    },

    
    "MainBody": {
      "Background": "#FFf0f0f0",
      "Image": "https://cdn.discordapp.com/attachments/815443063635181603/895878098384482314/EVnQ1r1mlYv7JG7JxU0YvKdA.jpeg",
      "Accent Color":"Light",
      "NOTE0":" Only Use Dark/Light"
    },


    "Topbar":{
      "Opacity":"1",
      "Background":"#f0f0f0",
      "Logo":"https://cdn.discordapp.com/attachments/815443063635181603/895860516885528646/Nachoneko_3F3F3F3F3F_2f.gif",
      "Buttons":{
        "Opacity":"0.5",
        "Background":"#212121"
      }
    },


    "Footer":{
      "Background":"#f0f0f0",
      "Status Foreground":"#212121"
    },


    "Sidebar":{
      "Background":"#f0f0f0",
      "Buttons":{
        "DefaultColor":"#7a7a7a",
        "SelectedColor":"#2b2b2b",
        "HoverColor":"#6FA3FF"
      } 
    },


    "ComboBox":{
      "Background":"#1Fe6e6e6",
      "Foreground":"#292929",
      "DropDownBackground":"#f7f7f7",
      "HoverColor":"#b1b2b6"
    },


    "ExecutionTab":{
      "Background":"#5fdedede",
      "Background2":"#Bfdedede",
      "Buttons":{
        "Background":"#1Fe6e6e6",
        "Foreground":"#2b2b2b",
        "IconColors":{
          "Execute":"#3d85c6",
          "Clear":"#3d85c6",
          "OpenFile":"#3d85c6",
          "SaveFile":"#3d85c6",
          "KillRoblox":"#3d85c6",
          "Attach":"#3d85c6"
        }
      },

      "Tab": {
        "Foreground": "#666666",
        "HoverForeground": "#f7f7f7",
        "SelectedForeground": "#292929",
        "ItemHover": "#919191",
        "ItemSelected": "#f7f7f7",
        "CloseForeground": "#666666",
        "CloseHoverColor": "#FF3144",
        "AddTabForeground": "#292929",
        "AddTabHover": "#1F6A6A6A"
      },

      "ScriptList":{
        "Foreground":"#3d85c6",
        "IconColors":{
         "Folder":"#010101",
         "Lua":"#010101",
         "TxT":"#010101" 
        }
      },

      "ScriptListContextMenu":{
        "Background":"#080a0d",
        "Foreground":"#7c7575",
        "ButtonColor":"#080a0d",
        "IconColors":{
          "Execute":"#80b0dd",
          "LoadScript":"#80b0dd",
          "DeleteScript":"#80b0dd",
          "RefreshList":"#80b0dd"
        }
      }
    },


    "ScriptHub": {
      "Topbar": {
        "Foreground":"#2b2b2b",
        "Background":"#e6e6e6"
      },

      "GlobalScripts": {
        "Background": "#e6e6e6",
        "Background2": "#9fc5e8",
        "TitleColor": "#2b2b2b",
        "DateColor": "#404040",
        "ButtonColor": "#0A424242",
        "IconColors": {
          "OpenLink": "#9fc5e8",
          "LoadScript": "#9fc5e8",
          "ExecuteScript": "#9fc5e8"
        }
      },

      "FeaturesScripts": {
        "Background": "#9fc5e8",
        "Background2": "#9fc5e8",
        "TitleColor": "#9fc5e8",
        "ButtonColor": "#9fc5e8",
        "IconColors": {
          "CopyScript": "#9fc5e8",
          "LoadScript": "#9fc5e8",
          "ExecuteScript": "#9fc5e8"
        }
      }
    },


    "KeyPage":{
      "Background":"#1Ff0f0f0",
      "Foreground":"#212121",
      "CardBackground":"#f0f0f0",
      "Discordwidget":"light",
      "Buttons":{
        "Foreground":"#212121",
        "Background":"#e3e3e3"
      },
      "Status":{
        "Working":"#5ec200",
        "PATCHED":"#ff00a2",
        "Not Whitelisted":"#b03800",
        "Invalid Key":"#b00041",
        "Whitelisted":"#5ec200"
      }
    },
    

    "Language":{
      "Background":"#1fe3e3e3",
      "Foreground":"#212121",
      "ButtonBackground":"#3d85c6"
    },
    

    "Settings":{
      "Background":"#1Ff0f0f0",
      "Foreground":"#212121",
      "inActiveForeground":"#8c8c8c",
      "HoverBackground":"#cccccc",
      "CardBackground":"#e3e3e3",
      "ToggleBackground":"#2196F3",
      "CustomTheme":{
        "Background":"#EFB4B4B4",
        "Foreground":"#212121"
      }
    }

  },


  "CustomScriptSyntax":{
    "Notex":"Check CustomScriptSyntax.xshd to understand this shit xD",
    "Foreground":"#242424",
    "LineNumbersForeground":"#242424",
    "Digits":"#0090a6",
    "LineComment":"#00ff0c",
    "Char":"#de1d67",
    "BlockComment":"#d4a75b",
    "String":"#d4b700",
    "MultiLineString":"#9c8400",
    "Punctuation":"#0073b5",
    "firstbracket":"#614f00",
    "Boolean":"#ff0000",
    "CurrentKeywords":"#7d002a",
    "Tables":"#1bcc14"
  }
}