{
    "Main": {
  
      "Info": {
        "-------------------------- Color Code --------------------------": "",
        "Color Opacity (Hex)": "",
        "00 = 0%": "",
        "0C = 5%": "",
        "19 = 10%": "",
        "33 = 20%": "",
        "3F = 25%": "",
        "4C = 30%": "",
        "59 = 35%": "",
        "66 = 40%": "",
        "72 = 45%": "",
        "7F = 50%": "",
        "8C = 55%": "",
        "99 = 60%": "",
        "A5 = 65%": "",
        "B2 = 70%": "",
        "BF = 75%": "",
        "CC = 80%": "",
        "D8 = 85%": "",
        "E5 = 90%": "",
        "F2 = 95%": "",
        "FF = 100%": "",
        "Example 'FF000000', '000000' is the color code and 'FF' is Color Opacity": ""
      },
  
      
      "MainBody": {
        "Background": "#2F2244",
        "Image": "https://free4kwallpapers.com/uploads/originals/2021/06/26/space-dragon-wallpaper.jpg",
        "Accent Color":"Dark",
        "NOTE0":"E"
      },
  
  
      "Topbar":{
        "Opacity":"1",
        "Background":"#20000000",
        "Logo":"https://pa1n.xyz/wp-content/uploads/2021/09/New_Trigon_with_Shadow-768x768.png",
        "Buttons":{
          "Opacity":"1",  
          "Background":"#ffffff"
        }
      },
  
  
      "Footer":{
        "Background":"#20000000",
        "Status Foreground":"#ffffff"
      },
  
  
      "Sidebar":{
        "Background":"#20000000",
        "Buttons":{
          "DefaultColor":"#ffffff",
          "SelectedColor":"#8680ff",
          "HoverColor":"#6760f0"
        } 
      },
  
  
      "ComboBox":{
        "Background":"#20000000",
        "Foreground":"#ffffff",
        "DropDownBackground":"#3F000000",
        "HoverColor":"#20000000"
      },
  
  
      "ExecutionTab":{
        "Background":"#20000000",
        "Background2":"#20000000",
        "Buttons":{
          "Background":"#20000000",
          "Foreground":"#ffffff",
          "IconColors":{
            "Execute":"#5f0b9c",
            "Clear":"#f5f5f5",
            "OpenFile":"#EFD00B",
            "SaveFile":"#a2c1f5",
            "KillRoblox":"#EE3434",
            "Attach":"#b5f556"
          }
        },
  
        "Tab": {
          "Foreground": "#ffffff",
          "HoverForeground": "#f7f7f7",
          "SelectedForeground": "#ffffff",
          "ItemHover": "#7b6b87",
          "ItemSelected": "#5a4e63",
          "CloseForeground": "#f5fbfc",
          "CloseHoverColor": "#ff0800",
          "AddTabForeground": "#f5fbfc",
          "AddTabHover": "#1F000000"
        },
  
        "ScriptList":{
          "Foreground":"#ffffff",
          "IconColors":{
           "Folder":"#b979d4",
           "Lua":"#7eaefc",
           "TxT":"#dbdbdb" 
          }
        },
  
        "ScriptListContextMenu":{
        "Background":"#20000000",
        "Foreground":"#ffffff",
        "ButtonColor":"#20000000",
        "IconColors":{
          "Execute":"#642694",
          "LoadScript":"#008db8",
          "DeleteScript":"#cf9100",
          "RefreshList":"#598999"
        }
      }
    },
  
  
      "ScriptHub": {
        "Topbar": {
          "Foreground":"#6b0a94",
          "Background":"#20000000"},
  
        "GlobalScripts": {
            "Background": "#20000000",
            "Background2": "#20000000",
            "TitleColor": "#ffffff",
            "DateColor": "#ffffff",
            "ButtonColor": "#20000000",
            "IconColors": {
              "OpenLink": "#9d32c9",
              "LoadScript": "#9d32c9",
              "ExecuteScript": "#9d32c9"
            }
          },
    
          "FeaturesScripts": {
            "Background": "#695ff5",
            "Background2": "#BF7613ab",
            "TitleColor": "#edccff",
            "ButtonColor": "#AF7613ab",
            "IconColors": {
              "CopyScript": "#9d32c9",
              "LoadScript": "#9d32c9",
              "ExecuteScript": "#9d32c9"
            }
          }
        },
  
  
      "KeyPage":{
        "Background":"#1F000000",
        "Foreground":"#ad58d1",
        "CardBackground":"#bb9fc7",
        "Discordwidget":"dark",
        "Buttons":{
          "Foreground":"#ffffff",
          "Background":"#e2dee3"
        },
        "Status":{
        "Working":"#5ec200",
        "PATCHED":"#ff00a2",
        "Not Whitelisted":"#b03800",
        "Invalid Key":"#b00041",
        "Whitelisted":"#5ec200"
      }
    },
      
  
      "Language":{
        "Background":"#20000000",
        "Foreground":"#ffffff",
        "ButtonBackground":"#918e8e"
      },
      
      "Sidebar":{
        "Background":"#20000000",
        "Buttons":{
          "DefaultColor":"#ffffff",
          "SelectedColor":"#821cad",
          "HoverColor":"#821cad"
        } 
      },
  
      "Settings":{
        "Background":"#20000000",
        "Foreground":"#ffffff",
        "inActiveForeground":"#ffffff",
        "HoverBackground":"#20000000",
        "CardBackground":"#20000000",
        "ToggleBackground":"#6b0a94",
        "CustomTheme":{
          "Background":"#9cc0f7",
          "Foreground":"#ffffff"
        }
      }
  
    },
  
  
    "CustomScriptSyntax":{
      "Notex":"Check CustomScriptSyntax.xshd to understand this shit xD",
      "Foreground":"#ffffff",
      "LineNumbersForeground":"#ffffff",
      "Digits":"#f2f533",
      "LineComment":"#1ff266",
      "Char":"#ff2424",
      "BlockComment":"#befc03",
      "String":"#ff2424",
      "MultiLineString":"#43d5fa",
      "Punctuation":"#38b9d9",
      "firstbracket":"#ffffff",
      "Boolean":"#b484d9",
      "CurrentKeywords":"#8536c2",
      "Tables":"#8afff9"
    }
  }
